BJD,RV (m/s),err RV (m/s),Inst
2456581.81182,-49.44,2.8945,APF_1
2456582.78364,-4.27,2.6018,APF_1
2456589.77925,-37.55,2.8138,APF_1
2456618.69826,9.3,2.6027,APF_1
2456816.93044,53.9,1.9373,APF_1
2456821.8923,5.58,1.9867,APF_1
2456822.8573,-50.56,1.9741,APF_1
2456835.90852,-49.16,2.5864,APF_1
2456835.91152,-49.1,2.7868,APF_1
2456835.91421,-55.34,2.9817,APF_1
2456872.91342,-13.09,2.6277,APF_1
2456878.94689,-7.74,2.4505,APF_1
2456892.89855,51.06,2.7323,APF_1
2456898.87286,-54.66,2.4899,APF_1
2456900.89058,43.44,2.7477,APF_1
2456903.82764,-42.67,3.0619,APF_1
2456903.82916,-43.82,2.9648,APF_1
2456903.83068,-47.89,3.0526,APF_1
2456906.91,-29.64,3.1894,APF_1
2456906.91144,-33.9,3.1461,APF_1
2456906.91288,-28.93,3.1821,APF_1
2456913.8014,51.13,2.241,APF_1
2456915.83275,-50.93,3.3109,APF_1
2456915.83421,-55.94,3.3542,APF_1
2456915.83569,-45.05,3.3241,APF_1
2456939.76524,43.84,3.6253,APF_1
2456939.76702,45.1,3.3058,APF_1
2456939.76878,47.58,3.1035,APF_1
2456941.76573,-44.26,3.2398,APF_1
2456941.76734,-52.45,3.1339,APF_1
2456941.76898,-46.5,3.4284,APF_1
2457139.01188,16.85,2.5621,APF_1
2457143.00204,36.44,2.6289,APF_1
2457143.00601,39.94,2.7537,APF_1
2457143.01002,35.6,2.4594,APF_1
2457145.99289,31.07,2.2697,APF_1
2457145.99424,32.5,2.6105,APF_1
2457145.99567,33.15,2.3546,APF_1
2457148.9888,-50.97,2.2621,APF_1
2457148.99147,-50.72,2.294,APF_1
2457148.9939,-55.97,2.192,APF_1
2457151.97742,-1.08,2.3612,APF_1
2457151.97975,1.04,2.5672,APF_1
2457151.982,-2.13,2.5556,APF_1
2457158.96345,50.91,2.3601,APF_1
2457158.96625,51.06,2.337,APF_1
2457158.96878,41.27,2.3281,APF_1
2457176.91089,38.88,3.7853,APF_1
2457176.91542,25.69,3.3905,APF_1
2457176.91882,33.58,2.9384,APF_1
2457179.91258,36.26,2.8963,APF_1
2457179.91395,41.98,3.0724,APF_1
2457179.9152,37.8,3.1638,APF_1
2457185.88309,-5.76,2.6718,APF_1
2457185.88586,-3.97,2.643,APF_1
2457185.88862,-8.73,2.7934,APF_1
2457188.90913,54.59,3.0791,APF_1
2457188.91016,58.91,3.1213,APF_1
2457188.91119,55.23,2.9751,APF_1
2457189.89116,9.07,2.4247,APF_1
2457189.89357,12.13,2.4056,APF_1
2457189.89593,7.49,2.2834,APF_1
2457193.89649,29.53,2.1592,APF_1
2457193.89913,28.65,2.286,APF_1
2457193.9016,30.19,2.4975,APF_1
2457195.87034,-36.01,2.7648,APF_1
2457195.87154,-34.6,2.4944,APF_1
2457195.87268,-39.71,2.8926,APF_1
2457196.88466,39.99,2.7302,APF_1
2457196.88574,37.44,2.8153,APF_1
2457196.88679,43.29,2.8558,APF_1
2457204.84896,6.51,2.9026,APF_1
2457204.85035,5.1,3.1477,APF_1
2457204.8517,4.82,2.9775,APF_1
2457209.00379,-2.93,2.1356,APF_1
2457212.00225,-53.28,2.9085,APF_1
2457212.00326,-47.18,2.6968,APF_1
2457212.00429,-46.22,2.8868,APF_1
2457217.96911,37.27,2.9647,APF_1
2457217.97015,38.97,2.918,APF_1
2457217.97115,33.8,2.7892,APF_1
2457218.98514,47.36,2.6687,APF_1
2457218.98616,46.66,2.4173,APF_1
2457218.98716,52.81,2.998,APF_1
2457220.87803,-50.44,2.7047,APF_1
2457220.87911,-48.27,2.7061,APF_1
2457220.88025,-54.27,2.4338,APF_1
2457221.9825,20.89,2.5021,APF_1
2457221.98361,20.49,2.6476,APF_1
2457221.98466,18.63,2.9596,APF_1
2457222.97213,57.52,3.2634,APF_1
2457222.97325,58.53,2.8125,APF_1
2457222.9744,55.1,3.2143,APF_1
2457224.95039,-48.17,2.4563,APF_1
2457224.95183,-50.64,2.472,APF_1
2457224.95369,-57.79,2.2242,APF_1
2457227.92525,19.2,2.5346,APF_1
2457227.92637,20.34,2.4414,APF_1
2457227.92745,20.88,2.5593,APF_1
2457229.97711,-21.43,2.764,APF_1
2457229.97812,-19.95,2.9554,APF_1
2457229.97909,-15.71,2.8575,APF_1
2457232.93946,-43.87,2.5555,APF_1
2457232.94044,-46.85,2.8497,APF_1
2457232.94143,-43.6,2.6329,APF_1
2457233.93987,-33.65,3.374,APF_1
2457233.94086,-38.29,3.3076,APF_1
2457233.94186,-33.21,3.2332,APF_1
2457238.93695,22.9,2.4281,APF_1
2457238.93801,17.85,2.682,APF_1
2457238.93909,18.83,2.5889,APF_1
2457243.90647,55.87,2.5064,APF_1
2457243.90841,49.5,2.4442,APF_1
2457243.91031,56.3,2.3162,APF_1
2457245.7968,-54.52,2.4939,APF_1
2457247.92893,50.53,2.8927,APF_1
2457247.93003,52.56,2.615,APF_1
2457247.93118,52.37,2.6786,APF_1
2457249.90679,-40.53,3.7487,APF_1
2457249.90777,-45.46,3.41,APF_1
2457249.90874,-42.58,3.7476,APF_1
2457252.89667,36.71,3.0117,APF_1
2457252.89764,41.2,2.8776,APF_1
2457252.89862,43.9,3.2407,APF_1
2457256.89388,49.69,3.0041,APF_1
2457256.89492,52.45,2.8415,APF_1
2457256.89591,51.92,2.8038,APF_1
2457258.87785,-60.91,2.5678,APF_1
2457258.87968,-61.43,2.785,APF_1
2457258.88097,-62.35,3.1491,APF_1
2457260.8662,55.79,2.5112,APF_1
2457260.86744,53.74,2.592,APF_1
2457260.8686,48.72,2.6824,APF_1
2457262.87349,-51.97,3.2416,APF_1
2457262.8744799998,-58.35,3.3833,APF_1
2457262.87547,-56.36,3.2522,APF_1
2457267.85367,-29.77,2.937,APF_1
2457267.85475,-33.32,3.3344,APF_1
2457267.85585,-37.11,2.6187,APF_1
2457271.8474,-44.54,2.9391,APF_1
2457271.84842,-44.15,2.6652,APF_1
2457271.84952,-43.3,2.5768,APF_1
2457274.82846,-18.33,2.5087,APF_1
2457274.83048,-15.39,2.4425,APF_1
2457274.83233,-21.91,2.3484,APF_1
2457276.83079,5.82,2.6069,APF_1
2457276.83251,4.1,2.6424,APF_1
2457276.83464,6.34,2.5404,APF_1
2457277.81886,53.46,2.7058,APF_1
2457281.78384,53.17,2.3589,APF_1
2457286.79958,37.9,3.464,APF_1
2457286.80061,38.41,3.4426,APF_1
2457286.80161,36.89,3.3531,APF_1
2457290.80157,48.15,2.5718,APF_1
2457290.80349,48.74,2.4772,APF_1
2457290.80536,48.15,2.696,APF_1
2457292.77778,-50.31,2.3861,APF_1
2457292.78053,-46.7,2.1698,APF_1
2457292.78474,-51.62,2.2058,APF_1
2457305.75442,-39.49,3.9907,APF_1
2457305.75526,-41.31,3.9524,APF_1
2457305.7561,-46.33,3.467,APF_1
2457308.7355,-15.58,3.0051,APF_1
2457308.7364,-12.5,3.3061,APF_1
2457308.73723,-27.33,3.0991,APF_1
2457350.70645,12.25,3.1706,APF_1
2457350.70733,7.14,3.0842,APF_1
2457350.7082,8.53,3.3637,APF_1
2457361.68562,29.81,2.3922,APF_1
2457364.65774,-53.72,2.6026,APF_1
2457364.6595,-55.52,2.5782,APF_1
2457364.66125,-54.22,2.7451,APF_1
2457365.70614,17.23,3.1038,APF_1
2457365.70945,10.03,2.6842,APF_1
2457365.71344,13.87,2.6752,APF_1
2457496.02419,-52.92,3.2847,APF_1
2457496.02636,-46.57,3.5066,APF_1
2457497.00957,16.63,3.0832,APF_1
2457497.01121,20.58,3.1363,APF_1
2457497.01288,23.41,3.1241,APF_1
2457498.99628,-16.18,3.0923,APF_1
2457509.98089,44.37,2.7821,APF_1
2457509.98303,41.1,2.6673,APF_1
2457509.98501,46.06,2.5085,APF_1
2457520.99046,-53.77,2.4369,APF_1
2457520.99223,-51.75,2.5243,APF_1
2457520.99394,-53.21,2.5603,APF_1
2457524.97388,-48.67,2.8648,APF_1
2457524.97594,-39.14,2.9714,APF_1
2457524.9779,-53.92,2.7138,APF_1
2457537.92672,-56.74,3.0031,APF_1
2457537.92827,-54.58,2.6595,APF_1
2457537.93004,-55.99,2.4843,APF_1
2457539.9347,52.31,2.5279,APF_1
2457539.93634,50.3,2.7502,APF_1
2457539.938,50.52,2.6541,APF_1
2457541.92455,-46.52,2.9661,APF_1
2457541.92567,-44.94,3.1988,APF_1
2457541.92679,-53.06,2.941,APF_1
2457549.87625,-24.89,2.9556,APF_1
2457549.87816,-14.91,2.7749,APF_1
2457549.88007,-17.3,2.7974,APF_1
2457554.84051,-54.3,2.8007,APF_1
2457556.87156,58.47,2.4941,APF_1
2457558.88588,-50.15,2.358,APF_1
2457560.88554,47.49,2.7539,APF_1
2457563.8092,-45.22,2.9992,APF_1
2457563.86042,-43.04,2.4306,APF_1
2457564.88101,35.51,2.1884,APF_1
2457567.84693,-53.9,2.241,APF_1
2457574.00335,55.1,1.8297,APF_1
2457581.95572,40.86,2.083,APF_1
2457584.97658,-46.06,2.4845,APF_1
2457586.96866,50.93,1.9745,APF_1
2457587.96354,-17.3,2.4035,APF_1
2457588.98508,-56.18,2.079,APF_1
2457591.96284,-0.18,2.0152,APF_1
2457593.9628,-6.24,2.0266,APF_1
2457603.97448,40.44,2.6366,APF_1
2457605.93273,-53.65,2.0633,APF_1
2457607.94432,53.47,2.5465,APF_1
2457608.92595,-8.43,2.2338,APF_1
2457610.90749,-7.51,2.2614,APF_1
2457613.87128,-54.49,2.3665,APF_1
2457616.9027,32.45,2.7844,APF_1
2457618.88565,-45.88,2.2668,APF_1
2457625.86792,-13.64,2.1212,APF_1
2457628.86067,50.82,2.082,APF_1
2457629.85596,7.79,2.0857,APF_1
2457632.86032,44.82,2.6583,APF_1
2457635.8463,-36.1,3.2598,APF_1
2457637.85577,41.53,2.6438,APF_1
2457641.80916,56.16,2.0823,APF_1
2457643.83185,-57.45,2.063,APF_1
2457647.79751,-49.72,2.2563,APF_1
2457648.83525,-18.31,2.2215,APF_1
2457649.79144,43.77,3.1595,APF_1
2457668.79112,-46.28,2.3499,APF_1
2457669.80338,-29.9,2.5889,APF_1
2457670.73685,43.63,2.6316,APF_1
2457871.97163,-55.09,2.5621,APF_1
2457882.00438,24.93,2.4364,APF_1
2457891.93565,31.3,2.3147,APF_1
2457903.9918,57.56,3.0653,APF_1
2457962.95322,53.91,2.3633,APF_1
2457966.96026,40.59,2.5963,APF_1
2457987.90179,27.24,2.6029,APF_1
2457991.78806,1.53,2.4093,APF_1
2457991.86302,8.37,2.6942,APF_1
2457991.86491,10.77,2.4588,APF_1
2457992.78001,54.82,3.0882,APF_1
2457995.89882,-11.59,2.8185,APF_1
2457996.86041,58.01,2.1858,APF_1
2457997.86949,13.5,2.9078,APF_1
2458004.78858,26.7,2.5524,APF_1
2458010.81203,-6.04,2.5254,APF_1
2458011.77368,-58.43,2.4714,APF_1
2458021.79876,35.33,2.3926,APF_1
2458022.7938,48.69,2.4793,APF_1
2458024.81318,-53.88,2.7627,APF_1
2458027.72189,3.03,2.1676,APF_1
2458031.78485,15.3,2.6109,APF_1
2458032.73545,-52.48,2.7213,APF_1
2458037.76567,-37.55,2.6939,APF_1
2458039.68692,52.63,2.1699,APF_1
2458041.68983,-49.58,2.0906,APF_1
2458115.68689,61.02,3.179,APF_1
2458240.97131,-30.36,2.4731,APF_1
2458250.98943,56.29,2.3621,APF_1
2458261.99809,-41.7,2.6689,APF_1
2458270.93251,-3.79,2.8474,APF_1
2458330.94562,44.9,2.5654,APF_1
2458359.89272,0.7,2.6848,APF_1
2458368.81022,36.96,2.6494,APF_1
2458369.77635,49.32,2.6459,APF_1
2458372.79133,18.06,2.06,APF_1
2458385.73977,41.27,2.6105,APF_1
2458387.75066,-33.71,2.7715,APF_1
2458389.77752,28.66,2.8078,APF_1
2458390.79667,55.21,2.2406,APF_1
2458398.71492,51.65,2.2617,APF_1
2458400.73016,-48.87,2.5929,APF_1
2458405.77354,-40.64,2.9463,APF_1
2449610.5268,-33257.731142,9.0,ELODIE_1
2449612.4657,-33224.731231,9.0,ELODIE_1
2449655.3067,-33271.733187,7.0,ELODIE_1
2449728.2289,-33309.736516,7.0,ELODIE_1
2449729.2266,-33247.736561,7.0,ELODIE_1
2449730.2367,-33195.736607,8.0,ELODIE_1
2449739.2682,-33220.73702,8.0,ELODIE_1
2449750.2491,-33248.737521,8.0,ELODIE_1
2449751.2471,-33232.737566,9.0,ELODIE_1
2449753.248,-33312.737658,8.0,ELODIE_1
2449755.2534,-33186.737749,7.0,ELODIE_1
2449765.2616,-33282.738206,8.0,ELODIE_1
2449766.2602,-33313.738252,8.0,ELODIE_1
2449766.269,-33317.738252,8.0,ELODIE_1
2449767.2594,-33232.738297,8.0,ELODIE_1
2449903.54,-33184.744519,8.0,ELODIE_1
2449903.5488,-33189.744519,7.0,ELODIE_1
2449904.5722,-33226.744566,7.0,ELODIE_1
2449906.5974,-33255.744658,7.0,ELODIE_1
2449906.6036,-33257.744658,7.0,ELODIE_1
2449907.556,-33166.744702,7.0,ELODIE_1
2449908.5876,-33212.744749,7.0,ELODIE_1
2449909.5704,-33298.744794,7.0,ELODIE_1
2449910.5872,-33269.74484,9.0,ELODIE_1
2449910.5984,-33265.744841,7.0,ELODIE_1
2449969.3782,-33293.747524,7.0,ELODIE_1
2449969.5823,-33289.747533,7.0,ELODIE_1
2449970.4281,-33214.747572,7.0,ELODIE_1
2449970.6222,-33208.747581,7.0,ELODIE_1
2449971.4353,-33188.747618,7.0,ELODIE_1
2449971.6131,-33211.747626,8.0,ELODIE_1
2449972.3454,-33261.74766,7.0,ELODIE_1
2449972.3521,-33268.74766,7.0,ELODIE_1
2449974.393,-33244.747753,8.0,ELODIE_1
2449975.4237,-33199.7478,7.0,ELODIE_1
2449976.4366,-33249.747846,7.0,ELODIE_1
2449976.5922,-33275.747853,7.0,ELODIE_1
2450021.2859,-33222.749894,7.0,ELODIE_1
2450021.4437,-33223.749901,7.0,ELODIE_1
2450022.3597,-33189.749943,7.0,ELODIE_1
2450022.4538,-33209.749947,7.0,ELODIE_1
2450023.2911,-33277.749985,7.0,ELODIE_1
2450023.4251,-33281.749991,7.0,ELODIE_1
2450023.4376,-33289.749992,7.0,ELODIE_1
2450024.3059,-33309.750032,7.0,ELODIE_1
2450024.4243,-33307.750037,7.0,ELODIE_1
2450025.2538,-33237.750075,7.0,ELODIE_1
2450025.4473,-33232.750084,7.0,ELODIE_1
2450026.2852,-33214.750122,9.0,ELODIE_1
2450026.4366,-33197.750129,8.0,ELODIE_1
2450027.3954,-33237.750173,7.0,ELODIE_1
2450027.4389,-33279.750175,7.0,ELODIE_1
2450028.2865,-33319.750213,7.0,ELODIE_1
2450028.3399,-33315.750216,7.0,ELODIE_1
2450061.2777,-33293.751719,7.0,ELODIE_1
2450062.2532,-33331.751764,7.0,ELODIE_1
2450063.2506,-33291.751809,7.0,ELODIE_1
2450070.267,-33295.75213,8.0,ELODIE_1
2450090.2525,-33221.753042,9.0,ELODIE_1
2450091.2211,-33276.753086,7.0,ELODIE_1
2450264.5921,-33272.761001,8.0,ELODIE_1
2450265.5978,-33291.761047,7.0,ELODIE_1
2450268.6023,-33252.761184,7.0,ELODIE_1
2450324.48,-33290.763735,7.0,ELODIE_1
2450324.4964,-33288.763736,7.0,ELODIE_1
2450325.4563,-33253.763779,7.0,ELODIE_1
2450325.5858,-33249.763785,7.0,ELODIE_1
2450326.4458,-33190.763824,7.0,ELODIE_1
2450327.4538,-33217.763871,7.0,ELODIE_1
2450328.481,-33285.763917,7.0,ELODIE_1
2450328.4954,-33287.763918,7.0,ELODIE_1
2450329.4822,-33266.763963,7.0,ELODIE_1
2450380.3506,-33271.766285,7.0,ELODIE_1
2450381.3543,-33207.766331,7.0,ELODIE_1
2450382.3684,-33231.766377,7.0,ELODIE_1
2450383.3407,-33295.766422,7.0,ELODIE_1
2450384.3185,-33293.766466,7.0,ELODIE_1
2450385.3355,-33205.766513,7.0,ELODIE_1
2450447.2301,-33308.769338,9.0,ELODIE_1
2450448.2303,-33251.769384,7.0,ELODIE_1
2450474.2348,-33207.770571,7.0,ELODIE_1
2450475.2466,-33212.770617,7.0,ELODIE_1
2450476.2687,-33304.770664,7.0,ELODIE_1
2450675.5645,-33299.779762,7.0,ELODIE_1
2450677.5984,-33186.779855,9.0,ELODIE_1
2450678.5717,-33217.779899,7.0,ELODIE_1
2450681.516,-33193.780034,7.0,ELODIE_1
2450700.5215,-33304.780901,7.0,ELODIE_1
2450702.4976,-33226.780991,7.0,ELODIE_1
2450703.4754,-33201.781036,7.0,ELODIE_1
2450730.4311,-33293.782267,7.0,ELODIE_1
2450731.4058,-33273.782311,7.0,ELODIE_1
2450736.35,-33219.782537,8.0,ELODIE_1
2450766.3084,-33212.783904,7.0,ELODIE_1
2450770.294,-33221.784086,8.0,ELODIE_1
2450773.3718,-33316.784227,7.0,ELODIE_1
2450795.2702,-33254.785227,8.0,ELODIE_1
2450822.2472,-33246.786458,7.0,ELODIE_1
2450823.2515,-33309.786504,7.0,ELODIE_1
2450824.2428,-33306.786549,7.0,ELODIE_1
2451023.6254,-33249.795651,7.0,ELODIE_1
2451026.5557,-33287.795785,8.0,ELODIE_1
2451053.5191,-33219.797016,8.0,ELODIE_1
2451058.5707,-33196.797246,7.0,ELODIE_1
2451088.4154,-33212.798609,7.0,ELODIE_1
2451118.3504,-33226.799975,7.0,ELODIE_1
2451158.2423,-33312.801796,7.0,ELODIE_1
2451390.5824,-33304.812403,8.0,ELODIE_1
2451391.611,-33241.81245,7.0,ELODIE_1
2451392.5997,-33190.812495,7.0,ELODIE_1
2451417.4959,-33209.813632,7.0,ELODIE_1
2451418.4711,-33196.813676,7.0,ELODIE_1
2451420.4989,-33290.813769,8.0,ELODIE_1
2451423.5447,-33259.813908,7.0,ELODIE_1
2451438.4669,-33223.814589,7.0,ELODIE_1
2451442.4796,-33251.814772,7.0,ELODIE_1
2451466.4114,-33285.815865,7.0,ELODIE_1
2451467.4121,-33284.81591,7.0,ELODIE_1
2451505.3236,-33296.817641,8.0,ELODIE_1
2451510.3503,-33242.81787,7.0,ELODIE_1
2451781.532,-33200.83025,7.0,ELODIE_1
2451782.4879,-33206.830294,7.0,ELODIE_1
2451783.5073,-33275.83034,7.0,ELODIE_1
2451783.5442,-33276.830342,8.0,ELODIE_1
2451784.5082,-33296.830386,8.0,ELODIE_1
2451785.573,-33226.830434,7.0,ELODIE_1
2451786.5097,-33192.830477,7.0,ELODIE_1
2451803.462,-33214.831251,7.0,ELODIE_1
2451882.2379,-33291.834847,8.0,ELODIE_1
2452111.5881,-33198.845317,7.0,ELODIE_1
2452114.6031,-33295.845455,7.0,ELODIE_1
2452115.6032,-33213.8455,7.0,ELODIE_1
2452116.5952,-33191.845546,7.0,ELODIE_1
2452117.5246,-33261.845588,7.0,ELODIE_1
2452136.5761,-33222.846458,7.0,ELODIE_1
2452137.5644,-33174.846503,7.0,ELODIE_1
2452158.5288,-33193.84746,7.0,ELODIE_1
2452159.5751,-33257.847508,7.0,ELODIE_1
2452160.5717,-33314.847553,7.0,ELODIE_1
2452197.4041,-33219.849235,7.0,ELODIE_1
2452198.3617,-33303.849278,7.0,ELODIE_1
2452217.4169,-33215.850148,7.0,ELODIE_1
2452250.3148,-33282.85165,8.0,ELODIE_1
2452488.5851,-33193.862527,7.0,ELODIE_1
2452532.508,-33307.864532,8.0,ELODIE_1
2452533.5047,-33307.864578,8.0,ELODIE_1
2452561.3035,-33249.865847,7.0,ELODIE_1
2452565.4601,-33231.866037,7.0,ELODIE_1
2452612.3548,-33265.868177,8.0,ELODIE_1
2452833.6049,-33314.878278,7.0,ELODIE_1
2452852.6161,-33195.879146,7.0,ELODIE_1
2452858.5822,-33299.879418,8.0,ELODIE_1
2452887.5339,-33274.88074,7.0,ELODIE_1
2458719.72090049,-33116.852149,0.123382,ESPRESSO19_1
2458719.72277647,-33117.083673,0.122597,ESPRESSO19_1
2458719.72471031,-33116.048505,0.125669,ESPRESSO19_1
2458719.7265761,-33117.714043,0.120343,ESPRESSO19_1
2458719.72845074,-33115.071314,0.119556,ESPRESSO19_1
2458719.73034626,-33116.972684,0.11877,ESPRESSO19_1
2458719.73221188,-33116.671302,0.115086,ESPRESSO19_1
2458719.73410049,-33116.138597,0.116698,ESPRESSO19_1
2458719.73599302,-33116.768827,0.113588,ESPRESSO19_1
2458719.73787864,-33115.4588,0.113458,ESPRESSO19_1
2458719.73978207,-33116.161601,0.115499,ESPRESSO19_1
2458719.74164049,-33115.070643,0.1174,ESPRESSO19_1
2458719.74354592,-33115.710671,0.114858,ESPRESSO19_1
2458719.74543441,-33114.427353,0.120508,ESPRESSO19_1
2458719.74729985,-33115.34043,0.125571,ESPRESSO19_1
2458719.74922873,-33114.420823,0.126721,ESPRESSO19_1
2458719.75108055,-33114.352537,0.117496,ESPRESSO19_1
2458719.75299256,-33113.638072,0.11658,ESPRESSO19_1
2458719.7548719,-33115.405168,0.115189,ESPRESSO19_1
2458719.75677607,-33112.521298,0.117393,ESPRESSO19_1
2458719.75866681,-33114.569913,0.117182,ESPRESSO19_1
2458719.76056476,-33113.659409,0.11924,ESPRESSO19_1
2458719.76244984,-33112.852538,0.113609,ESPRESSO19_1
2458719.76434436,-33114.062093,0.112073,ESPRESSO19_1
2458719.76623747,-33112.919987,0.114518,ESPRESSO19_1
2458719.76810485,-33112.050871,0.119511,ESPRESSO19_1
2458719.76999953,-33113.611459,0.126151,ESPRESSO19_1
2458719.77188564,-33113.308586,0.124921,ESPRESSO19_1
2458719.77380534,-33111.999255,0.122857,ESPRESSO19_1
2458719.77567941,-33113.91374,0.118909,ESPRESSO19_1
2458725.73038355,-33135.349906,0.207449,ESPRESSO19_1
2458725.73233645,-33133.337801,0.206511,ESPRESSO19_1
2458725.73416794,-33133.950347,0.201454,ESPRESSO19_1
2458725.73602935,-33136.172166,0.199347,ESPRESSO19_1
2458725.73795337,-33134.180323,0.198016,ESPRESSO19_1
2458725.73987479,-33135.054746,0.21231,ESPRESSO19_1
2458725.74169646,-33134.438584,0.219687,ESPRESSO19_1
2458725.74360405,-33135.560185,0.1917,ESPRESSO19_1
2458725.74554865,-33135.018994,0.188427,ESPRESSO19_1
2458725.74747221,-33135.060213,0.203486,ESPRESSO19_1
2458725.74932073,-33136.806139,0.183838,ESPRESSO19_1
2458725.75116469,-33133.979604,0.181037,ESPRESSO19_1
2458725.75306277,-33136.750599,0.178759,ESPRESSO19_1
2458725.7549268,-33135.52137,0.174627,ESPRESSO19_1
2458725.75684911,-33135.912332,0.168285,ESPRESSO19_1
2458725.75873503,-33136.233746,0.179778,ESPRESSO19_1
2458725.76058469,-33136.635541,0.178329,ESPRESSO19_1
2458725.7625049,-33136.024659,0.175556,ESPRESSO19_1
2458725.76434763,-33137.368188,0.165069,ESPRESSO19_1
2458725.76624588,-33135.838589,0.169574,ESPRESSO19_1
2458725.76816863,-33138.176567,0.182689,ESPRESSO19_1
2458725.7700318,-33136.99741,0.200445,ESPRESSO19_1
2458725.77190468,-33136.617023,0.184479,ESPRESSO19_1
2458725.7738206,-33137.694702,0.178323,ESPRESSO19_1
2458725.77564516,-33136.775385,0.16726,ESPRESSO19_1
2458725.77751195,-33137.611192,0.172784,ESPRESSO19_1
2458725.7794539,-33136.214078,0.182183,ESPRESSO19_1
2458725.78134373,-33137.976195,0.190623,ESPRESSO19_1
2458725.78325235,-33137.164701,0.180775,ESPRESSO19_1
2458725.78512504,-33137.258564,0.181206,ESPRESSO19_1
2458731.63792799,-33177.203763,0.185096,ESPRESSO19_1
2458731.63986695,-33176.65675,0.204837,ESPRESSO19_1
2458731.64171149,-33177.280338,0.189893,ESPRESSO19_1
2458731.64360379,-33175.920428,0.161277,ESPRESSO19_1
2458731.64545698,-33178.346987,0.17675,ESPRESSO19_1
2458731.64736534,-33175.549633,0.168672,ESPRESSO19_1
2458731.6492893,-33178.26464,0.173041,ESPRESSO19_1
2458731.65116462,-33176.776912,0.165168,ESPRESSO19_1
2458731.65307857,-33176.604955,0.174986,ESPRESSO19_1
2458731.65496492,-33175.515943,0.146178,ESPRESSO19_1
2458731.65685289,-33176.830617,0.171113,ESPRESSO19_1
2458731.65871709,-33175.10755,0.176992,ESPRESSO19_1
2458731.66067272,-33177.576958,0.163311,ESPRESSO19_1
2458731.66253361,-33175.07054,0.130085,ESPRESSO19_1
2458731.66440643,-33176.447654,0.141076,ESPRESSO19_1
2458731.66632337,-33176.306141,0.149242,ESPRESSO19_1
2458731.66813483,-33175.181564,0.152569,ESPRESSO19_1
2458731.67001713,-33175.897202,0.157317,ESPRESSO19_1
2458731.67196638,-33175.196991,0.157648,ESPRESSO19_1
2458731.67388103,-33175.138126,0.140615,ESPRESSO19_1
2458731.67573564,-33174.2704,0.132415,ESPRESSO19_1
2458731.67763866,-33175.263355,0.128563,ESPRESSO19_1
2458731.67952403,-33174.921757,0.132665,ESPRESSO19_1
2458731.68139708,-33174.242313,0.128888,ESPRESSO19_1
2458731.68330827,-33175.191184,0.124421,ESPRESSO19_1
2458731.68518554,-33174.84324,0.125945,ESPRESSO19_1
2458731.68709178,-33173.640272,0.127681,ESPRESSO19_1
2458731.68899116,-33176.189367,0.131801,ESPRESSO19_1
2458731.69089507,-33173.11753,0.136901,ESPRESSO19_1
2458731.69279269,-33176.046659,0.123007,ESPRESSO19_1
2450002.65625,-38.58,6.1456,HAMILTON_1
2450002.66895,-37.75,3.9422,HAMILTON_1
2450002.68457,-35.9,3.9476,HAMILTON_1
2450002.7998,-45.77,3.8955,HAMILTON_1
2450002.81641,-51.41,3.9974,HAMILTON_1
2450002.95508,-49.94,4.6443,HAMILTON_1
2450002.96875,-52.77,5.2006,HAMILTON_1
2450003.61133,-17.59,3.7227,HAMILTON_1
2450003.62695,-24.13,3.5443,HAMILTON_1
2450003.64258,-17.6,3.9855,HAMILTON_1
2450003.7168,-11.62,3.7112,HAMILTON_1
2450003.73242,-12.17,3.4414,HAMILTON_1
2450003.74707,-9.73,3.3484,HAMILTON_1
2450003.88672,-0.41,3.7579,HAMILTON_1
2450003.90234,-0.54,3.9479,HAMILTON_1
2450003.91699,4.76,4.4609,HAMILTON_1
2450004.5957,51.62,3.0833,HAMILTON_1
2450004.60742,56.07,3.2111,HAMILTON_1
2450004.61914,54.45,3.2914,HAMILTON_1
2450004.7793,58.4,2.9446,HAMILTON_1
2450004.79102,58.25,2.7685,HAMILTON_1
2450004.90234,58.16,3.5181,HAMILTON_1
2450004.91309,58.29,3.8924,HAMILTON_1
2450005.59863,49.93,2.9218,HAMILTON_1
2450005.61035,45.54,2.8859,HAMILTON_1
2450005.91797,25.49,3.5793,HAMILTON_1
2450005.93164,18.43,3.7405,HAMILTON_1
2450011.63086,-44.27,5.2856,HAMILTON_1
2450011.65625,-47.42,4.5864,HAMILTON_1
2450011.82617,-28.8,4.8195,HAMILTON_1
2450011.84863,-45.66,5.0904,HAMILTON_1
2450012.625,29.25,5.4534,HAMILTON_1
2450012.64746,25.86,5.3,HAMILTON_1
2450012.85742,32.71,6.1927,HAMILTON_1
2450012.87988,31.2,8.0107,HAMILTON_1
2450013.6123,61.43,5.2429,HAMILTON_1
2450013.63574,64.22,5.5209,HAMILTON_1
2450013.82324,62.27,5.7002,HAMILTON_1
2450013.84277,60.01,7.7302,HAMILTON_1
2450021.60449,52.71,4.7986,HAMILTON_1
2450021.62695,66.38,4.3934,HAMILTON_1
2450021.64941,63.14,4.995,HAMILTON_1
2450021.67285,50.27,4.4914,HAMILTON_1
2450021.69824,65.24,4.9639,HAMILTON_1
2450021.72168,63.69,7.6176,HAMILTON_1
2450021.74512,57.3,8.8211,HAMILTON_1
2450023.58789,-35.69,5.5891,HAMILTON_1
2450023.61035,-32.14,5.2777,HAMILTON_1
2450023.63281,-29.57,5.473,HAMILTON_1
2450023.65625,-34.54,4.9786,HAMILTON_1
2450023.67871,-29.05,5.202,HAMILTON_1
2450023.70117,-34.22,4.7145,HAMILTON_1
2450023.72559,-39.76,5.3182,HAMILTON_1
2450024.62988,-32.38,3.1515,HAMILTON_1
2450024.64844,-36.33,3.2948,HAMILTON_1
2450024.71777,-32.7,3.6637,HAMILTON_1
2450024.7334,-25.36,3.58,HAMILTON_1
2450024.80957,-27.96,4.2773,HAMILTON_1
2450024.82422,-16.12,4.4399,HAMILTON_1
2450025.60938,48.54,5.0872,HAMILTON_1
2450025.63281,42.13,5.0008,HAMILTON_1
2450025.7041,52.11,4.9311,HAMILTON_1
2450025.72656,55.52,4.6916,HAMILTON_1
2450025.75,55.08,5.2092,HAMILTON_1
2450025.77246,59.68,4.8278,HAMILTON_1
2450026.60156,66.05,8.7301,HAMILTON_1
2450026.62207,72.35,5.276,HAMILTON_1
2450026.64453,65.17,5.2864,HAMILTON_1
2450026.66797,76.87,8.1843,HAMILTON_1
2450026.69043,71.89,6.5752,HAMILTON_1
2450026.71387,59.34,6.5856,HAMILTON_1
2450026.73633,54.61,5.2843,HAMILTON_1
2450027.63672,-15.44,4.6199,HAMILTON_1
2450027.6582,-14.0,4.6466,HAMILTON_1
2450027.68359,-27.45,5.3974,HAMILTON_1
2450027.70117,-31.2,7.9417,HAMILTON_1
2450027.72852,-30.16,5.6895,HAMILTON_1
2450027.75,-28.54,5.1373,HAMILTON_1
2450027.77246,-23.13,5.072,HAMILTON_1
2450028.59473,-35.81,4.5488,HAMILTON_1
2450028.61816,-39.61,4.6045,HAMILTON_1
2450028.64355,-30.24,4.783,HAMILTON_1
2450028.66602,-33.14,4.5469,HAMILTON_1
2450028.68945,-33.82,4.6569,HAMILTON_1
2450028.71191,-37.91,4.3134,HAMILTON_1
2450028.73438,-40.71,5.0248,HAMILTON_1
2450028.75684,-30.9,4.9471,HAMILTON_1
2450028.78027,-27.1,4.7383,HAMILTON_1
2450029.59668,19.65,4.3872,HAMILTON_1
2450029.61914,26.49,4.1814,HAMILTON_1
2450029.68848,38.8,4.6164,HAMILTON_1
2450029.71094,31.47,4.8826,HAMILTON_1
2450029.73438,40.16,4.7708,HAMILTON_1
2450029.75781,40.85,4.9217,HAMILTON_1
2450030.59082,74.62,5.732,HAMILTON_1
2450030.61133,58.26,5.6038,HAMILTON_1
2450030.63574,50.8,6.5772,HAMILTON_1
2450030.66113,51.78,8.5456,HAMILTON_1
2450030.68262,63.57,5.7213,HAMILTON_1
2450030.70801,55.37,7.3233,HAMILTON_1
2450030.72754,57.57,5.7388,HAMILTON_1
2450030.75098,63.26,4.9502,HAMILTON_1
2450030.82227,52.82,5.1732,HAMILTON_1
2450030.8457,56.31,5.2402,HAMILTON_1
2450031.64941,10.68,5.7845,HAMILTON_1
2450031.67285,-11.69,5.126,HAMILTON_1
2450031.69531,-7.75,4.9369,HAMILTON_1
2450031.7168,13.38,5.5786,HAMILTON_1
2450031.74023,-5.94,6.1081,HAMILTON_1
2450031.7627,-5.88,6.9087,HAMILTON_1
2450032.59082,-45.98,4.5413,HAMILTON_1
2450032.61328,-38.68,4.2444,HAMILTON_1
2450032.63574,-47.66,4.5746,HAMILTON_1
2450032.65918,-48.2,4.7617,HAMILTON_1
2450032.68164,-36.11,4.8461,HAMILTON_1
2450032.7041,-39.8,4.5337,HAMILTON_1
2450033.59668,11.06,4.4786,HAMILTON_1
2450033.61914,5.09,4.8213,HAMILTON_1
2450033.64258,7.51,4.546,HAMILTON_1
2450033.66504,13.16,4.7124,HAMILTON_1
2450033.6875,12.27,5.5022,HAMILTON_1
2450033.70996,18.4,4.636,HAMILTON_1
2450033.7334,17.59,4.5299,HAMILTON_1
2450035.58887,19.4,3.3322,HAMILTON_1
2450035.59766,15.42,3.7741,HAMILTON_1
2450035.60547,20.16,3.6799,HAMILTON_1
2450040.74902,-33.7,6.7206,HAMILTON_1
2450041.59277,-28.95,5.2011,HAMILTON_1
2450041.61426,-11.98,4.4701,HAMILTON_1
2450041.68359,-14.41,5.0042,HAMILTON_1
2450041.70703,-12.71,4.8075,HAMILTON_1
2450041.72949,-17.23,4.739,HAMILTON_1
2450041.75195,-17.09,5.7785,HAMILTON_1
2450043.63184,63.26,4.7273,HAMILTON_1
2450043.65625,53.16,5.1278,HAMILTON_1
2450044.63672,-20.77,4.6732,HAMILTON_1
2450044.66113,-28.89,4.6855,HAMILTON_1
2450045.59375,-31.65,4.66,HAMILTON_1
2450045.62012,-34.49,4.3011,HAMILTON_1
2450046.66699,44.16,5.5903,HAMILTON_1
2450046.6875,43.47,6.0706,HAMILTON_1
2450046.71191,51.2,5.516,HAMILTON_1
2450046.73535,40.5,5.477,HAMILTON_1
2450048.6438,2.33,7.1216,HAMILTON_1
2450048.66645,-7.99,7.0483,HAMILTON_1
2450048.74837,0.2,10.2809,HAMILTON_1
2450048.77659,-23.47,10.2033,HAMILTON_1
2450058.5791,-24.87,3.668,HAMILTON_1
2450058.61035,-16.71,8.765,HAMILTON_1
2450068.66992,77.21,6.2455,HAMILTON_1
2450068.69336,77.86,5.695,HAMILTON_1
2450072.64648,62.18,3.4108,HAMILTON_1
2450073.6709,21.02,5.3347,HAMILTON_1
2450086.72949,-12.38,4.9087,HAMILTON_1
2450087.58887,-42.44,4.6483,HAMILTON_1
2450088.61133,3.89,3.6319,HAMILTON_1
2450089.68457,65.46,3.593,HAMILTON_1
2450090.66113,25.02,4.14,HAMILTON_1
2450091.61328,-44.26,3.5168,HAMILTON_1
2450182.02539,34.58,5.3441,HAMILTON_1
2450215.96875,43.31,6.2377,HAMILTON_1
2450215.99121,35.42,5.4776,HAMILTON_1
2450231.97559,-32.34,9.1379,HAMILTON_1
2450232.95508,57.88,7.2661,HAMILTON_1
2450232.97852,52.05,6.6878,HAMILTON_1
2450233.99707,56.67,7.5826,HAMILTON_1
2450235.94141,-35.41,5.7513,HAMILTON_1
2450235.96484,-37.89,6.0565,HAMILTON_1
2450262.99121,58.2,2.9347,HAMILTON_1
2450298.92383,-49.12,3.3643,HAMILTON_1
2450304.88867,48.31,3.447,HAMILTON_1
2450326.89648,49.16,3.6786,HAMILTON_1
2450441.65527,24.44,5.6468,HAMILTON_1
2450610.97168,31.81,6.4015,HAMILTON_1
2450611.95898,-39.2,5.2219,HAMILTON_1
2450645.84277,-52.57,3.4035,HAMILTON_1
2450655.91797,28.15,3.625,HAMILTON_1
2450793.61719,-31.98,3.4143,HAMILTON_1
2451014.94629,-20.43,5.327,HAMILTON_1
2451025.96484,-28.18,4.691,HAMILTON_1
2451048.90332,3.4,6.1997,HAMILTON_1
2451130.62695,51.35,5.7767,HAMILTON_1
2451416.92578,-3.35,4.9433,HAMILTON_1
2451444.81836,-10.03,6.0495,HAMILTON_1
2451445.7959,-40.31,5.2545,HAMILTON_1
2451447.72754,64.49,4.474,HAMILTON_1
2451448.82295,7.92,4.8898,HAMILTON_1
2451482.66406,4.49,5.8105,HAMILTON_1
2451533.57715,-5.55,5.3706,HAMILTON_1
2451533.69922,-19.54,5.0883,HAMILTON_1
2451774.85938,-14.5,4.9043,HAMILTON_1
2451815.74609,70.2,5.1413,HAMILTON_1
2451815.77246,65.81,4.6771,HAMILTON_1
2451826.68555,-44.03,5.3635,HAMILTON_1
2451826.71484,-54.07,5.1343,HAMILTON_1
2451834.6748,-56.93,4.9782,HAMILTON_1
2451834.7041,-59.22,4.8413,HAMILTON_1
2451839.68262,-32.79,5.6424,HAMILTON_1
2451869.59766,-17.26,5.0505,HAMILTON_1
2451869.63867,-8.3,6.7963,HAMILTON_1
2452120.86719,36.74,5.3734,HAMILTON_1
2452157.77832,25.49,5.3263,HAMILTON_1
2452158.78223,55.23,4.8068,HAMILTON_1
2452159.7627,-15.17,4.7718,HAMILTON_1
2452160.81738,-47.75,6.3731,HAMILTON_1
2452167.73828,29.62,5.8346,HAMILTON_1
2452167.76758,31.8,5.6897,HAMILTON_1
2452168.76172,-44.56,5.1642,HAMILTON_1
2452168.79199,-46.25,5.3688,HAMILTON_1
2452169.79102,-28.72,6.2636,HAMILTON_1
2452169.82129,-21.44,6.4393,HAMILTON_1
2452170.78418,52.7,5.1265,HAMILTON_1
2452170.81348,43.49,5.2731,HAMILTON_1
2452171.75293,41.38,5.7868,HAMILTON_1
2452171.7832,50.78,6.0315,HAMILTON_1
2452172.78516,-29.65,5.1195,HAMILTON_1
2452172.81445,-26.39,4.9589,HAMILTON_1
2452173.74902,-37.73,5.6656,HAMILTON_1
2452173.7793,-29.67,5.8183,HAMILTON_1
2452184.74609,22.79,5.2572,HAMILTON_1
2452184.77637,10.08,5.3763,HAMILTON_1
2452189.67871,-26.44,5.6108,HAMILTON_1
2452189.70801,-33.39,5.632,HAMILTON_1
2452492.90234,51.11,4.0008,HAMILTON_1
2452492.91016,46.92,3.877,HAMILTON_1
2452493.87207,-10.64,4.4782,HAMILTON_1
2452493.87695,-7.31,3.8587,HAMILTON_1
2452508.83691,15.45,3.9151,HAMILTON_1
2452508.84082,2.98,4.012,HAMILTON_1
2452509.82422,42.75,3.9108,HAMILTON_1
2452509.83105,43.81,3.78,HAMILTON_1
2452511.87402,-67.6,3.6264,HAMILTON_1
2452511.87988,-69.8,4.1012,HAMILTON_1
2452512.8623,-2.87,4.1293,HAMILTON_1
2452512.86816,-11.58,3.4222,HAMILTON_1
2452513.84961,45.16,3.6138,HAMILTON_1
2452513.85547,46.37,3.6092,HAMILTON_1
2452534.81836,42.98,4.0608,HAMILTON_1
2452535.77246,19.01,3.5431,HAMILTON_1
2452535.7793,16.92,3.5711,HAMILTON_1
2452812.97949,-30.07,4.0799,HAMILTON_1
2452812.9873,-32.43,3.9598,HAMILTON_1
2452813.96582,36.24,3.7799,HAMILTON_1
2452813.97168,34.25,3.7805,HAMILTON_1
2452890.65723,22.77,12.9791,HAMILTON_1
2452890.82227,47.6,5.5194,HAMILTON_1
2452890.84473,38.59,5.0768,HAMILTON_1
2452893.85352,5.92,3.9577,HAMILTON_1
2452894.76465,49.81,4.0438,HAMILTON_1
2452895.79785,-11.36,3.9844,HAMILTON_1
2452897.75781,-23.97,3.527,HAMILTON_1
2453201.91699,-44.4,4.3987,HAMILTON_1
2453201.93945,-56.96,4.9737,HAMILTON_1
2453210.98535,-11.45,3.771,HAMILTON_1
2453211.95117,39.78,3.8251,HAMILTON_1
2453212.88965,4.12,3.5853,HAMILTON_1
2453250.89551,0.41,4.084,HAMILTON_1
2453251.90332,-60.92,4.8233,HAMILTON_1
2453280.78516,-7.2,5.7474,HAMILTON_1
2453280.78906,-7.76,4.3883,HAMILTON_1
2453281.81836,-64.0,3.9373,HAMILTON_1
2453282.78223,-18.79,4.1895,HAMILTON_1
2453334.6377,45.66,3.9984,HAMILTON_1
2453337.63574,-34.43,4.6541,HAMILTON_1
2453360.66176,27.93,4.3028,HAMILTON_1
2453560.96802,-58.02,4.823,HAMILTON_1
2453564.96258,-72.98,4.3408,HAMILTON_1
2453571.95473,34.46,6.3179,HAMILTON_1
2453571.97038,29.36,6.2913,HAMILTON_1
2453589.92793,-41.97,5.5877,HAMILTON_1
2453590.93127,-60.1,5.5813,HAMILTON_1
2453592.92079,41.74,7.2443,HAMILTON_1
2453593.94131,-24.62,4.7451,HAMILTON_1
2453594.88642,-62.55,5.0928,HAMILTON_1
2453594.90897,-67.97,5.6217,HAMILTON_1
2453596.95399,36.79,5.9064,HAMILTON_1
2453596.97667,44.69,5.9038,HAMILTON_1
2453636.72014,-49.5,3.8372,HAMILTON_1
2453637.74141,-51.08,4.6013,HAMILTON_1
2453866.97624,-1.83,4.8135,HAMILTON_1
2453867.98295,40.19,4.2575,HAMILTON_1
2453895.97271,-36.41,3.6825,HAMILTON_1
2453896.98241,33.39,3.8531,HAMILTON_1
2453897.95163,22.66,4.0883,HAMILTON_1
2453923.94387,-27.1,4.9128,HAMILTON_1
2453923.96106,-16.53,4.8291,HAMILTON_1
2453925.93569,-16.97,4.7931,HAMILTON_1
2453925.95207,-11.49,4.8492,HAMILTON_1
2453926.96185,40.37,4.4855,HAMILTON_1
2453926.98288,50.43,4.8209,HAMILTON_1
2453949.92419,-71.12,5.4051,HAMILTON_1
2453949.94189,-60.84,5.7897,HAMILTON_1
2453950.92392,-54.61,5.7222,HAMILTON_1
2453950.94127,-39.68,6.0999,HAMILTON_1
2453951.89672,27.31,5.3562,HAMILTON_1
2453951.91117,29.31,4.8244,HAMILTON_1
2453953.86274,-44.14,4.3261,HAMILTON_1
2453955.92112,25.89,3.9806,HAMILTON_1
2453957.81459,-22.91,4.3154,HAMILTON_1
2453962.80721,-57.83,6.0051,HAMILTON_1
2453962.82173,-59.12,4.5685,HAMILTON_1
2453963.79909,-34.83,5.9412,HAMILTON_1
2453963.81293,-28.83,5.9127,HAMILTON_1
2453964.86399,38.13,6.3455,HAMILTON_1
2453964.88031,45.74,6.483,HAMILTON_1
2453987.80625,-55.97,4.1569,HAMILTON_1
2453987.81513,-58.89,4.22,HAMILTON_1
2453988.78984,-63.14,4.434,HAMILTON_1
2453989.82637,20.17,4.0959,HAMILTON_1
2454046.70801,-32.88,4.229,HAMILTON_1
2454047.68107,-64.57,4.501,HAMILTON_1
2454049.67988,33.41,5.2253,HAMILTON_1
2454049.68524,39.64,4.5295,HAMILTON_1
2454071.63446,11.01,4.1651,HAMILTON_1
2454072.6409,-65.11,4.1556,HAMILTON_1
2454073.64075,-51.29,4.6801,HAMILTON_1
2454097.61527,-38.53,4.6616,HAMILTON_1
2454097.6253,-24.78,5.0973,HAMILTON_1
2454098.61554,-72.22,4.8679,HAMILTON_1
2454099.62189,2.62,4.0475,HAMILTON_1
2454102.6115,-75.47,4.5366,HAMILTON_1
2454103.61317,-18.94,4.43,HAMILTON_1
2454311.89207,44.37,4.5386,HAMILTON_1
2454339.90313,-59.56,4.1796,HAMILTON_1
2454339.9081,-62.69,4.1235,HAMILTON_1
2454340.82579,-4.36,4.3562,HAMILTON_1
2454340.8306,-5.16,4.3355,HAMILTON_1
2454373.75469,-64.4,4.1859,HAMILTON_1
2454424.67624,-49.07,3.5131,HAMILTON_1
2454424.68159,-51.79,3.6095,HAMILTON_1
2454425.6197,15.31,3.8555,HAMILTON_1
2454623.97321,-9.3,5.8566,HAMILTON_1
2454623.98036,-21.74,4.2007,HAMILTON_1
2454672.85291,-23.23,4.5986,HAMILTON_1
2454672.87867,-33.11,3.978,HAMILTON_1
2454672.90174,-43.06,4.3369,HAMILTON_1
2454672.92423,-35.06,4.8775,HAMILTON_1
2454694.94435,-64.37,4.1687,HAMILTON_1
2454783.65719,-58.93,4.1704,HAMILTON_1
2454785.614,49.02,4.4769,HAMILTON_1
2456451.83863194,-33141.855519,0.397867,HARPS03_1
2456451.8440119,-33142.170516,0.391249,HARPS03_1
2456451.8497692,-33143.136652,0.330628,HARPS03_1
2456468.78931661,-33138.392921,0.37176,HARPS03_1
2456468.796759,-33139.404596,0.298373,HARPS03_1
2456468.80457326,-33138.023552,0.424487,HARPS03_1
2456468.81330434,-33137.166336,0.554887,HARPS03_1
2456468.91593422,-33127.15682,0.312394,HARPS03_1
2456468.92229339,-33127.253363,0.288301,HARPS03_1
2456468.92885905,-33127.194035,0.284374,HARPS03_1
2456468.93507547,-33126.973366,0.28601,HARPS03_1
2456468.94123332,-33127.690564,0.282527,HARPS03_1
2456468.94769956,-33128.2936,0.290282,HARPS03_1
2456506.82589005,-33140.717381,0.625479,HARPS03_1
2456506.83341662,-33142.113783,0.653018,HARPS03_1
2456508.77797921,-33141.842605,0.408485,HARPS03_1
2456508.78408018,-33141.627513,0.437402,HARPS03_1
2456508.7902338,-33143.237012,0.416197,HARPS03_1
2456508.79633916,-33143.660934,0.378338,HARPS03_1
2456508.80249777,-33145.324795,0.355932,HARPS03_1
2456508.80871274,-33145.340546,0.340931,HARPS03_1
2456508.8149857,-33145.037196,0.331726,HARPS03_1
2456508.82102278,-33146.10566,0.312972,HARPS03_1
2456508.82718064,-33145.346931,0.324269,HARPS03_1
2456508.83333836,-33146.853445,0.320695,HARPS03_1
2456508.83949616,-33146.543171,0.336499,HARPS03_1
2456508.84566066,-33146.547961,0.32694,HARPS03_1
2456508.85181717,-33148.275567,0.311095,HARPS03_1
2456508.85803284,-33148.36889,0.334535,HARPS03_1
2456508.86407478,-33148.934119,0.310999,HARPS03_1
2456508.87005338,-33149.077054,0.333347,HARPS03_1
2456508.87656282,-33150.153381,0.372971,HARPS03_1
2456508.88231607,-33150.189568,0.352397,HARPS03_1
2456508.88893742,-33149.939624,0.377494,HARPS03_1
2456508.89485827,-33150.423537,0.351895,HARPS03_1
2456540.67365603,-33140.62966,0.382106,HARPS03_1
2456540.68105451,-33139.61063,0.384381,HARPS03_1
2456540.68837522,-33138.970602,0.426484,HARPS03_1
2456540.69498455,-33138.858564,0.483813,HARPS03_1
2456544.59546478,-33164.280874,0.511851,HARPS03_1
2456544.60278718,-33165.153733,0.440674,HARPS03_1
2456544.61003192,-33164.440372,0.371368,HARPS03_1
2456544.61735849,-33163.669407,0.362988,HARPS03_1
2456544.62461632,-33164.155002,0.374102,HARPS03_1
2456544.63179161,-33162.418108,0.412329,HARPS03_1
2456544.63917095,-33161.94095,0.412402,HARPS03_1
2456544.6464856,-33160.610954,0.489114,HARPS03_1
2456544.6541528,-33160.111102,0.545741,HARPS03_1
2456544.66134002,-33160.257295,0.612423,HARPS03_1
2456544.66816924,-33159.075308,0.77992,HARPS03_1
2456544.67598505,-33158.264242,0.600871,HARPS03_1
2456544.68372932,-33159.030131,0.512049,HARPS03_1
2456565.52997369,-33182.240126,0.476583,HARPS03_1
2456565.53377789,-33181.507856,0.460543,HARPS03_1
2456565.53758985,-33181.620556,0.539253,HARPS03_1
2456565.54250788,-33180.696435,0.464822,HARPS03_1
2456565.54810117,-33180.439312,0.399788,HARPS03_1
2456565.55368772,-33181.015201,0.363494,HARPS03_1
2456565.55931379,-33180.242346,0.403267,HARPS03_1
2456565.56494445,-33179.764129,0.35752,HARPS03_1
2456565.57036678,-33180.263402,0.329846,HARPS03_1
2456565.57615958,-33179.768601,0.33263,HARPS03_1
2456565.58158214,-33178.504307,0.323827,HARPS03_1
2456565.58712067,-33179.178034,0.319948,HARPS03_1
2456565.59269833,-33177.477316,0.327126,HARPS03_1
2456565.59837666,-33178.062385,0.286749,HARPS03_1
2456565.6039079,-33177.621095,0.303806,HARPS03_1
2456565.6094867,-33176.475284,0.312093,HARPS03_1
2456565.61507095,-33177.484614,0.299746,HARPS03_1
2456565.6206493,-33177.764075,0.30322,HARPS03_1
2456565.62628596,-33177.065298,0.285509,HARPS03_1
2456565.63181141,-33176.209008,0.292508,HARPS03_1
2456565.63738512,-33177.187814,0.281259,HARPS03_1
2456565.6430159,-33175.429336,0.285231,HARPS03_1
2456565.64849112,-33174.972496,0.289102,HARPS03_1
2456565.65412176,-33174.848132,0.270211,HARPS03_1
2456565.65949467,-33175.38501,0.284299,HARPS03_1
2456565.66528261,-33173.540122,0.293848,HARPS03_1
2456565.67091337,-33173.036463,0.304153,HARPS03_1
2456565.67659677,-33172.515753,0.27783,HARPS03_1
2456565.68196242,-33171.804771,0.29167,HARPS03_1
2456565.68754052,-33171.427686,0.266727,HARPS03_1
2456565.69317292,-33171.70476,0.268346,HARPS03_1
2456565.69875449,-33171.16365,0.256954,HARPS03_1
2456565.70434012,-33170.662353,0.258876,HARPS03_1
2456565.70992494,-33170.615015,0.260541,HARPS03_1
2456565.71545211,-33169.376009,0.273977,HARPS03_1
2456565.72118531,-33168.286437,0.268152,HARPS03_1
2456565.72660717,-33167.977935,0.257168,HARPS03_1
2456565.73228967,-33168.173219,0.267804,HARPS03_1
2456565.73783284,-33167.051048,0.289286,HARPS03_1
2458274.86012215,-33164.356614,0.325356,HARPS15_1
2458274.86750781,-33163.860531,0.335321,HARPS15_1
2458274.87439486,-33163.236793,0.348382,HARPS15_1
2458274.88240528,-33162.469406,0.312176,HARPS15_1
2458274.88929147,-33161.994188,0.267048,HARPS15_1
2458274.89680398,-33161.637533,0.26164,HARPS15_1
2458274.9037602,-33160.705987,0.283555,HARPS15_1
2458274.91134204,-33160.738285,0.24023,HARPS15_1
2458274.91836887,-33159.530055,0.233542,HARPS15_1
2458290.8182311,-33186.679744,0.2236,HARPS15_1
2458290.82880415,-33187.144626,0.218065,HARPS15_1
2458290.83947616,-33187.293921,0.194202,HARPS15_1
2458290.84921164,-33188.372364,0.21065,HARPS15_1
2458290.85627905,-33188.809898,0.255285,HARPS15_1
2458290.86174072,-33189.21994,0.235633,HARPS15_1
2458290.86736039,-33188.546701,0.246908,HARPS15_1
2458290.87292843,-33189.214138,0.239175,HARPS15_1
2458290.8804218,-33189.572844,0.199842,HARPS15_1
2458290.88522982,-33190.027999,0.867852,HARPS15_1
2458290.88903466,-33189.52249,0.234929,HARPS15_1
2458290.89445188,-33190.381335,0.222532,HARPS15_1
2458290.90012363,-33190.259025,0.22464,HARPS15_1
2458290.9056926,-33190.559581,0.216342,HARPS15_1
2458290.91108091,-33189.970718,0.258045,HARPS15_1
2458290.91487647,-33190.264161,0.258231,HARPS15_1
2458290.91874242,-33191.62283,0.258619,HARPS15_1
2458290.92253972,-33191.72636,0.277419,HARPS15_1
2458290.92637014,-33190.753288,0.293828,HARPS15_1
2458290.93020344,-33191.069757,0.267673,HARPS15_1
2458308.78827787,-33159.545223,0.218894,HARPS15_1
2458308.79884161,-33158.54524,0.212436,HARPS15_1
2458308.80919594,-33158.022588,0.267343,HARPS15_1
2458308.82071716,-33156.306758,0.280457,HARPS15_1
2458308.83138344,-33156.12894,0.268248,HARPS15_1
2458308.84215819,-33154.916816,0.235888,HARPS15_1
2458308.85263268,-33153.83615,0.267668,HARPS15_1
2458308.86361322,-33152.841571,0.23352,HARPS15_1
2458308.87438842,-33153.374537,0.232384,HARPS15_1
2458308.88517543,-33151.570081,0.23358,HARPS15_1
2458308.8957403,-33150.479609,0.21853,HARPS15_1
2458308.90640819,-33149.895276,0.224948,HARPS15_1
2458308.9171915,-33148.869976,0.245681,HARPS15_1
2458308.92828293,-33147.802332,0.246072,HARPS15_1
2458308.93895985,-33147.016263,0.243346,HARPS15_1
2458313.77439468,-33101.360592,0.306868,HARPS15_1
2458313.77822413,-33101.081266,0.315715,HARPS15_1
2458313.78201735,-33100.556681,0.313148,HARPS15_1
2458313.78589366,-33100.860303,0.335481,HARPS15_1
2458313.78972229,-33100.452033,0.314236,HARPS15_1
2458313.79358623,-33099.860469,0.313668,HARPS15_1
2458313.79742517,-33099.690923,0.421288,HARPS15_1
2458313.80122163,-33098.303182,0.297447,HARPS15_1
2458313.80501808,-33097.399397,0.306641,HARPS15_1
2458313.80893213,-33098.092809,0.308664,HARPS15_1
2458313.81268912,-33097.978101,0.306932,HARPS15_1
2458313.8165181,-33098.78897,0.320856,HARPS15_1
2458313.82039488,-33098.73083,0.331456,HARPS15_1
2458313.82422421,-33097.875529,0.332933,HARPS15_1
2458313.82802077,-33097.594699,0.330649,HARPS15_1
2458313.83189606,-33097.796574,0.323944,HARPS15_1
2458313.83569135,-33098.527935,0.314034,HARPS15_1
2458313.83955483,-33097.311095,0.328977,HARPS15_1
2458313.84341923,-33097.325361,0.329204,HARPS15_1
2458313.84724844,-33097.458443,0.316526,HARPS15_1
2458313.85107729,-33096.281792,0.307787,HARPS15_1
2458313.88438366,-33094.555459,0.304432,HARPS15_1
2458313.88814319,-33094.723292,0.306217,HARPS15_1
2458313.89207611,-33094.501587,0.304332,HARPS15_1
2458313.89591632,-33093.288568,0.302311,HARPS15_1
2458313.89964066,-33092.942421,0.301036,HARPS15_1
2458313.90354036,-33093.161138,0.304644,HARPS15_1
2458313.90833625,-33092.843434,0.307778,HARPS15_1
2458313.91216476,-33091.810547,0.300976,HARPS15_1
2458313.9159582,-33092.273998,0.307337,HARPS15_1
2458313.91988602,-33092.475239,0.314612,HARPS15_1
2458313.92364521,-33091.358865,0.321456,HARPS15_1
2458313.92750312,-33091.546689,0.337832,HARPS15_1
2458313.9312777,-33091.058765,0.34651,HARPS15_1
2458313.9351399,-33091.302932,0.338579,HARPS15_1
2458342.67215517,-33156.170968,0.373425,HARPS15_1
2458342.67951204,-33156.014731,0.328934,HARPS15_1
2458342.68711801,-33155.446513,0.284855,HARPS15_1
2458342.69519234,-33154.602196,0.285773,HARPS15_1
2458342.70249889,-33153.928472,0.288297,HARPS15_1
2458342.70980336,-33153.547732,0.288788,HARPS15_1
2458342.71696974,-33153.237824,0.293882,HARPS15_1
2458342.72434053,-33153.029057,0.308912,HARPS15_1
2458342.73171351,-33152.777715,0.317683,HARPS15_1
2458342.73901752,-33151.659079,0.323216,HARPS15_1
2458342.74632174,-33150.83768,0.333741,HARPS15_1
2458342.75369485,-33150.503917,0.311521,HARPS15_1
2458342.76099746,-33150.049659,0.30469,HARPS15_1
2458342.76823132,-33149.57121,0.310532,HARPS15_1
2458342.77553578,-33148.946881,0.318776,HARPS15_1
2458342.78283955,-33147.999005,0.313789,HARPS15_1
2458342.79014216,-33147.832547,0.315079,HARPS15_1
2458342.79744627,-33147.081961,0.307207,HARPS15_1
2458342.8048189,-33146.402777,0.303494,HARPS15_1
2458342.81205358,-33146.278332,0.308401,HARPS15_1
2458342.81935792,-33144.545136,0.310316,HARPS15_1
2458342.8266604,-33143.874022,0.308091,HARPS15_1
2458342.83403374,-33143.122871,0.310775,HARPS15_1
2458342.84133704,-33143.404396,0.30573,HARPS15_1
2458346.76798621,-33167.7034,0.333811,HARPS15_1
2458346.77171217,-33168.031028,0.368486,HARPS15_1
2458346.77554334,-33166.976126,0.432119,HARPS15_1
2458346.77961758,-33167.247398,0.453651,HARPS15_1
2458346.7833455,-33166.275464,0.442271,HARPS15_1
2458346.78717679,-33166.661459,0.438366,HARPS15_1
2458346.79104326,-33166.524114,0.437309,HARPS15_1
2458346.7945258,-33164.905751,0.527719,HARPS15_1
2458346.7988777,-33164.415505,0.458119,HARPS15_1
2458346.80246604,-33165.427803,0.430934,HARPS15_1
2458346.80636653,-33165.462937,0.422701,HARPS15_1
2458346.81016344,-33164.451943,0.441056,HARPS15_1
2458346.81395943,-33164.030906,0.435677,HARPS15_1
2458346.81785993,-33163.489546,0.423001,HARPS15_1
2458346.82162199,-33163.097205,0.452127,HARPS15_1
2458346.82559182,-33162.626298,0.444993,HARPS15_1
2458346.8293885,-33162.574208,0.442061,HARPS15_1
2458346.83308088,-33162.785457,0.420914,HARPS15_1
2458346.83694758,-33161.651439,0.450303,HARPS15_1
2458346.84084774,-33160.910339,0.495114,HARPS15_1
2458346.84460912,-33161.957952,0.500179,HARPS15_1
2458346.84847477,-33161.842604,0.513335,HARPS15_1
2458346.85230675,-33160.923452,0.517925,HARPS15_1
2458346.85620655,-33161.251651,0.495995,HARPS15_1
2458347.67668839,-33098.498484,0.26559,HARPS15_1
2458347.68190314,-33098.654268,0.24617,HARPS15_1
2458347.68712391,-33097.452819,0.259669,HARPS15_1
2458347.69229596,-33096.814161,0.239411,HARPS15_1
2458347.69756361,-33096.390848,0.241575,HARPS15_1
2458347.70278507,-33097.037986,0.243766,HARPS15_1
2458347.7080526,-33096.245068,0.246615,HARPS15_1
2458347.71327257,-33096.007106,0.242486,HARPS15_1
2458347.71849288,-33095.640062,0.229346,HARPS15_1
2458347.72366433,-33095.366452,0.224462,HARPS15_1
2458347.72888431,-33095.981527,0.228894,HARPS15_1
2458347.73410565,-33095.123021,0.226712,HARPS15_1
2458347.73927607,-33094.609432,0.234174,HARPS15_1
2458347.744545,-33095.473278,0.232553,HARPS15_1
2458347.74971622,-33095.030538,0.23403,HARPS15_1
2458347.75498526,-33095.411808,0.240997,HARPS15_1
2458347.76020568,-33094.578715,0.239247,HARPS15_1
2458347.7706456,-33093.60711,0.24249,HARPS15_1
2458347.77582968,-33093.488078,0.247204,HARPS15_1
2458347.78114582,-33092.861554,0.246678,HARPS15_1
2458347.78626879,-33092.286221,0.241694,HARPS15_1
2458351.65744964,-33113.39043,0.414045,HARPS15_1
2458351.66131575,-33112.629603,0.404396,HARPS15_1
2458351.66507755,-33111.998418,0.398201,HARPS15_1
2458351.66891923,-33111.519739,0.38923,HARPS15_1
2458351.67278579,-33112.935664,0.395202,HARPS15_1
2458351.67658198,-33111.637811,0.377485,HARPS15_1
2458351.68044773,-33110.239251,0.375916,HARPS15_1
2458351.68427888,-33110.214424,0.365236,HARPS15_1
2458351.68807507,-33109.647873,0.376314,HARPS15_1
2458351.69190702,-33109.742521,0.369901,HARPS15_1
2458351.69573747,-33110.292255,0.375251,HARPS15_1
2458351.69956896,-33108.650241,0.365875,HARPS15_1
2458351.70343472,-33108.907195,0.37194,HARPS15_1
2458351.70730047,-33107.500681,0.379885,HARPS15_1
2458351.71102756,-33108.66737,0.37064,HARPS15_1
2458351.71489354,-33108.299057,0.356623,HARPS15_1
2458351.71865512,-33106.758104,0.348489,HARPS15_1
2458351.72253245,-33106.192927,0.363848,HARPS15_1
2458351.72639855,-33106.539366,0.350144,HARPS15_1
2458351.73026488,-33107.324404,0.348607,HARPS15_1
2458351.73413015,-33106.880333,0.330451,HARPS15_1
2458351.73792703,-33106.154817,0.321985,HARPS15_1
2458351.74172311,-33104.498372,0.327949,HARPS15_1
2458351.74551953,-33105.617997,0.34944,HARPS15_1
2458351.74942081,-33105.424951,0.335245,HARPS15_1
2458351.75311283,-33104.678489,0.360452,HARPS15_1
2458351.75704791,-33103.19451,0.366776,HARPS15_1
2458351.76042892,-33105.989334,0.42949,HARPS15_1
2458351.76439815,-33106.279637,0.598113,HARPS15_1
2458351.76840267,-33104.176808,0.41058,HARPS15_1
2458351.77178311,-33104.680524,0.6419,HARPS15_1
2458351.77634298,-33103.617603,0.559733,HARPS15_1
2458351.78062598,-33103.765696,0.465587,HARPS15_1
2458351.78390074,-33104.147472,0.357669,HARPS15_1
2458351.78769727,-33104.226606,0.353951,HARPS15_1
2458351.79159786,-33104.133063,0.331736,HARPS15_1
2458351.79532471,-33103.910147,0.329731,HARPS15_1
2458351.79915585,-33103.042173,0.342214,HARPS15_1
2458351.80310285,-33102.866646,0.340749,HARPS15_1
2458351.80686466,-33102.811827,0.324181,HARPS15_1
2458351.81069591,-33102.677469,0.342034,HARPS15_1
2458351.81452682,-33101.317398,0.335901,HARPS15_1
2458351.81832324,-33101.774425,0.334806,HARPS15_1
2458351.82222418,-33102.829117,0.330174,HARPS15_1
2458351.82594408,-33101.179893,0.335111,HARPS15_1
2458351.82981701,-33100.937483,0.337096,HARPS15_1
2458351.83368254,-33101.023888,0.359602,HARPS15_1
2458351.83751413,-33100.79271,0.375489,HARPS15_1
2458358.68788337,-33188.476134,0.252325,HARPS15_1
2458358.69514547,-33189.767345,0.297381,HARPS15_1
2458358.70018108,-33189.769838,0.298064,HARPS15_1
2458358.70507628,-33190.017733,0.312278,HARPS15_1
2458358.74854891,-33192.44791,0.273311,HARPS15_1
2458358.75606168,-33192.521601,0.262196,HARPS15_1
2458358.76315765,-33193.916599,0.254199,HARPS15_1
2458358.76989295,-33192.910372,0.280219,HARPS15_1
2458358.77659016,-33193.280134,0.288772,HARPS15_1
2458358.78274043,-33193.178493,0.288617,HARPS15_1
2458358.78888701,-33193.724336,0.289654,HARPS15_1
2458358.79509064,-33193.105198,0.305556,HARPS15_1
2458358.8012944,-33192.275401,0.333951,HARPS15_1
2458358.80808856,-33192.989459,0.287961,HARPS15_1
2458363.65649452,-33164.760228,0.219588,HARPS15_1
2458363.6653975,-33164.159281,0.278556,HARPS15_1
2458363.67297769,-33164.71547,0.260217,HARPS15_1
2458363.68021273,-33163.693043,0.26505,HARPS15_1
2458363.68744589,-33163.221775,0.258497,HARPS15_1
2458363.6949943,-33162.430959,0.270078,HARPS15_1
2458363.70236465,-33162.997034,0.266438,HARPS15_1
2453927.05042,40.69,0.95,HIRES_1
2453927.05119,43.92,0.96,HIRES_1
2453927.05193,44.79,0.96,HIRES_1
2453982.84764,2.33,0.94,HIRES_1
2453982.84838,1.2,1.0,HIRES_1
2453982.84911,1.25,1.08,HIRES_1
2454085.79536,-72.24,1.1,HIRES_1
2454085.79753,-71.37,1.13,HIRES_1
2454085.79838,-74.52,1.04,HIRES_1
2454337.09242,32.26,1.18,HIRES_1
2454398.85734,-73.37,1.22,HIRES_1
2454806.76933,33.62,1.16,HIRES_1
2454838.73284,-75.2,1.27,HIRES_1
2454964.13091,21.54,1.16,HIRES_1
2454984.1,16.46,1.12,HIRES_1
2454985.11823,33.7,1.04,HIRES_1
2455015.05197,10.14,1.04,HIRES_1
2455016.06613,-59.99,1.03,HIRES_1
2455019.01926,31.6,1.12,HIRES_1
2455041.92598,-67.31,1.17,HIRES_1
2455078.07733,33.67,1.22,HIRES_1
2455106.7597,14.18,1.3,HIRES_1
2455135.7227,-31.26,1.23,HIRES_1
2455189.68934,-73.59,1.16,HIRES_1
2455190.69359,-38.01,1.26,HIRES_1
2455192.68814,10.84,1.23,HIRES_1
2455379.09473,-2.63,1.05,HIRES_1
2455404.92659,-43.52,1.15,HIRES_1
2455435.04209,-66.43,1.19,HIRES_1
2455704.0826,37.55,1.13,HIRES_1
2455722.1083,-28.27,1.03,HIRES_1
2455729.11002,37.36,1.06,HIRES_1
2455732.02669,-51.27,0.99,HIRES_1
2455732.0299,-51.16,1.07,HIRES_1
2455753.07133,-60.8,1.12,HIRES_1
2455782.85598,-48.45,1.27,HIRES_1
2455841.77766,-65.25,1.14,HIRES_1
2456077.13053,0.0,1.12,HIRES_1
2456477.10257,-12.92,1.29,HIRES_1
2456529.88022,-2.9,1.15,HIRES_1
2456584.73613,7.01,1.27,HIRES_1
2456639.68183,9.3,1.12,HIRES_1
2456676.745,35.75,1.23,HIRES_1
2456847.92332,-66.31,1.02,HIRES_1
2456911.76859,-76.79,1.11,HIRES_1
2456913.74889,33.74,1.13,HIRES_1
2454700.48409,-33130.663502,0.77,SOPHIE_1
2455037.5271,-33208.678888,1.968,SOPHIE_1
2455037.52905,-33207.878888,2.088,SOPHIE_1
2455037.53402,-33208.478888,1.243,SOPHIE_1
2455037.53959,-33206.678888,1.214,SOPHIE_1
2455050.47043,-33222.179479,0.844,SOPHIE_1
2455082.57927,-33129.280945,1.139,SOPHIE_1
2455082.58168,-33133.280945,1.134,SOPHIE_1
2455082.58408,-33132.280945,1.129,SOPHIE_1
2455082.5865,-33134.680945,1.138,SOPHIE_1
2455082.58892,-33132.380945,1.138,SOPHIE_1
2455082.59133,-33132.980945,1.167,SOPHIE_1
2455082.59375,-33126.680945,1.239,SOPHIE_1
2455082.59616,-33128.480945,1.256,SOPHIE_1
2455082.59856,-33126.380945,1.25,SOPHIE_1
2455082.60097,-33129.480946,1.501,SOPHIE_1
2455085.53784,-33157.38108,0.777,SOPHIE_1
2455433.55217,-33122.396967,0.985,SOPHIE_1
2455762.57298,-33125.841987,1.09,SOPHIE_2
2455782.59344,-33203.962901,1.15,SOPHIE_2
2455794.48197,-33196.053443,1.57,SOPHIE_2
2455819.44484,-33175.504583,1.04,SOPHIE_2
2455819.45043,-33175.204583,1.04,SOPHIE_2
2455762.57298,-33121.211987,1.088,SOPHIE_3
2455782.59344,-33200.612901,1.147,SOPHIE_3
2455794.48197,-33192.013443,1.567,SOPHIE_3
2455819.44484,-33170.914583,1.038,SOPHIE_3
2455819.45043,-33170.614583,1.041,SOPHIE_3
